USE petfoster_2
GO
INSERT [dbo].[pet_type] ([type_id], [type_name]) VALUES (N'B001', N'Bird')
INSERT [dbo].[pet_type] ([type_id], [type_name]) VALUES (N'C001', N'Cat')
INSERT [dbo].[pet_type] ([type_id], [type_name]) VALUES (N'D001', N'Dog')
INSERT [dbo].[pet_type] ([type_id], [type_name]) VALUES (N'M001', N'Mouse')
GO
INSERT [dbo].[pet_breed] ([breed_id], [breed_name], [type_id]) VALUES (N'AC001', N'Abyssinian cat', N'C001')
INSERT [dbo].[pet_breed] ([breed_id], [breed_name], [type_id]) VALUES (N'BC001', N'Bengal cat ', N'C001')
INSERT [dbo].[pet_breed] ([breed_id], [breed_name], [type_id]) VALUES (N'BL001', N'British longhair', N'C001')
INSERT [dbo].[pet_breed] ([breed_id], [breed_name], [type_id]) VALUES (N'BS001', N'British shorthair ', N'C001')
INSERT [dbo].[pet_breed] ([breed_id], [breed_name], [type_id]) VALUES (N'C001', N'Chihuahua', N'D001')
INSERT [dbo].[pet_breed] ([breed_id], [breed_name], [type_id]) VALUES (N'CCD001', N'Chinese Chongqing Dog', N'D001')
INSERT [dbo].[pet_breed] ([breed_id], [breed_name], [type_id]) VALUES (N'EM001', N'Egyptian mau ', N'C001')
INSERT [dbo].[pet_breed] ([breed_id], [breed_name], [type_id]) VALUES (N'GS001', N'German Shepherd', N'D001')
INSERT [dbo].[pet_breed] ([breed_id], [breed_name], [type_id]) VALUES (N'JC001', N'Japanese Chin', N'D001')
INSERT [dbo].[pet_breed] ([breed_id], [breed_name], [type_id]) VALUES (N'KD001', N'Kangal Dog', N'D001')
INSERT [dbo].[pet_breed] ([breed_id], [breed_name], [type_id]) VALUES (N'MC001', N'Maine Coon', N'C001')
INSERT [dbo].[pet_breed] ([breed_id], [breed_name], [type_id]) VALUES (N'ND001', N'Native dog', N'D001')
INSERT [dbo].[pet_breed] ([breed_id], [breed_name], [type_id]) VALUES (N'PQR001', N'Phu Quoc Ridgeback', N'D001')
INSERT [dbo].[pet_breed] ([breed_id], [breed_name], [type_id]) VALUES (N'SC001', N'Siamese cat ', N'C001')
INSERT [dbo].[pet_breed] ([breed_id], [breed_name], [type_id]) VALUES (N'SC002', N'Siberian cat', N'C001')
INSERT [dbo].[pet_breed] ([breed_id], [breed_name], [type_id]) VALUES (N'SF001', N'Scottish Fold ', N'C001')
INSERT [dbo].[pet_breed] ([breed_id], [breed_name], [type_id]) VALUES (N'SI001', N'Shiba inu', N'D001')
INSERT [dbo].[pet_breed] ([breed_id], [breed_name], [type_id]) VALUES (N'TB001', N'Tabby cat', N'C001')
INSERT [dbo].[pet_breed] ([breed_id], [breed_name], [type_id]) VALUES (N'TV001', N'Turkish Van', N'C001')
GO
INSERT [dbo].[pet] ([pet_id], [adopt_status], [age], [create_at], [descriptions], [foster_at], [is_spay], [pet_color], [pet_name], [sex], [breed_id]) VALUES (N'P0001', N'Haven''t adopted yet.', N'Adult ', CAST(N'2022-10-07T00:00:00.0000000' AS DateTime2), NULL, CAST(N'2023-10-06T00:00:00.0000000' AS DateTime2), 0, N'Brown', N'Mimi', 1, N'ND001')
INSERT [dbo].[pet] ([pet_id], [adopt_status], [age], [create_at], [descriptions], [foster_at], [is_spay], [pet_color], [pet_name], [sex], [breed_id]) VALUES (N'P0002', N'Haven''t adopted yet', N'Adult ', CAST(N'2023-09-07T00:00:00.0000000' AS DateTime2), NULL, CAST(N'2023-09-06T00:00:00.0000000' AS DateTime2), 1, N'Yellow', N'Dodo', 0, N'ND001')
INSERT [dbo].[pet] ([pet_id], [adopt_status], [age], [create_at], [descriptions], [foster_at], [is_spay], [pet_color], [pet_name], [sex], [breed_id]) VALUES (N'P0003', N'Haven''t adopted yet', N'Adult ', CAST(N'2023-08-07T00:00:00.0000000' AS DateTime2), NULL, CAST(N'2023-08-06T00:00:00.0000000' AS DateTime2), 0, N'Yellow', N'Baba', 0, N'ND001')
INSERT [dbo].[pet] ([pet_id], [adopt_status], [age], [create_at], [descriptions], [foster_at], [is_spay], [pet_color], [pet_name], [sex], [breed_id]) VALUES (N'P0004', N'Haven''t adopted yet', N'Adult ', CAST(N'2023-07-07T00:00:00.0000000' AS DateTime2), NULL, CAST(N'2023-07-06T00:00:00.0000000' AS DateTime2), 1, N'White', N'Xu', 1, N'ND001')
INSERT [dbo].[pet] ([pet_id], [adopt_status], [age], [create_at], [descriptions], [foster_at], [is_spay], [pet_color], [pet_name], [sex], [breed_id]) VALUES (N'P0005', N'Haven''t adopted yet', N'Adult', CAST(N'2023-10-07T00:00:00.0000000' AS DateTime2), NULL, CAST(N'2023-10-06T00:00:00.0000000' AS DateTime2), 1, N'Yellow', N'Cam', 1, N'ND001')
INSERT [dbo].[pet] ([pet_id], [adopt_status], [age], [create_at], [descriptions], [foster_at], [is_spay], [pet_color], [pet_name], [sex], [breed_id]) VALUES (N'P0006', N'Haven''t adopted yet', N'Adult ', CAST(N'2023-06-07T00:00:00.0000000' AS DateTime2), NULL, CAST(N'2023-06-06T00:00:00.0000000' AS DateTime2), 1, N'Black', N'Bin', 0, N'ND001')
INSERT [dbo].[pet] ([pet_id], [adopt_status], [age], [create_at], [descriptions], [foster_at], [is_spay], [pet_color], [pet_name], [sex], [breed_id]) VALUES (N'P0007', N'Haven''t adopted yet', N'Adult ', CAST(N'2023-05-07T00:00:00.0000000' AS DateTime2), NULL, CAST(N'2023-05-06T00:00:00.0000000' AS DateTime2), 1, N'Yellow', N'Bi', 1, N'ND001')
INSERT [dbo].[pet] ([pet_id], [adopt_status], [age], [create_at], [descriptions], [foster_at], [is_spay], [pet_color], [pet_name], [sex], [breed_id]) VALUES (N'P0008', N'Haven''t adopted yet', N'Adult ', CAST(N'2023-04-07T00:00:00.0000000' AS DateTime2), NULL, CAST(N'2023-04-06T00:00:00.0000000' AS DateTime2), 1, N'Black', N'Su', 0, N'ND001')
INSERT [dbo].[pet] ([pet_id], [adopt_status], [age], [create_at], [descriptions], [foster_at], [is_spay], [pet_color], [pet_name], [sex], [breed_id]) VALUES (N'P0009', N'Haven''t adopted yet', N'Adult ', CAST(N'2023-03-07T00:00:00.0000000' AS DateTime2), NULL, CAST(N'2023-03-06T00:00:00.0000000' AS DateTime2), 1, N'Yellow', N'Gau', 1, N'ND001')
INSERT [dbo].[pet] ([pet_id], [adopt_status], [age], [create_at], [descriptions], [foster_at], [is_spay], [pet_color], [pet_name], [sex], [breed_id]) VALUES (N'P0010', N'Haven''t adopted yet', N'Adult ', CAST(N'2023-02-07T00:00:00.0000000' AS DateTime2), NULL, CAST(N'2023-02-06T00:00:00.0000000' AS DateTime2), 1, N'White', N'Ca', 0, N'ND001')
INSERT [dbo].[pet] ([pet_id], [adopt_status], [age], [create_at], [descriptions], [foster_at], [is_spay], [pet_color], [pet_name], [sex], [breed_id]) VALUES (N'P0011', N'Haven''t adopted yet', N'Adult ', CAST(N'2020-10-07T00:00:00.0000000' AS DateTime2), NULL, CAST(N'2020-10-06T00:00:00.0000000' AS DateTime2), 0, N'Orange', N'Sau', 1, N'ND001')
INSERT [dbo].[pet] ([pet_id], [adopt_status], [age], [create_at], [descriptions], [foster_at], [is_spay], [pet_color], [pet_name], [sex], [breed_id]) VALUES (N'P0012', N'Haven''t adopted yet', N'Adult ', CAST(N'2023-10-06T00:00:00.0000000' AS DateTime2), NULL, CAST(N'2023-10-05T00:00:00.0000000' AS DateTime2), 1, N'Yellow', N'Co', 0, N'ND001')
INSERT [dbo].[pet] ([pet_id], [adopt_status], [age], [create_at], [descriptions], [foster_at], [is_spay], [pet_color], [pet_name], [sex], [breed_id]) VALUES (N'P0013', N'Haven''t adopted yet', N'Adult ', CAST(N'2023-10-05T00:00:00.0000000' AS DateTime2), NULL, CAST(N'2023-10-04T00:00:00.0000000' AS DateTime2), 1, N'Yellow', N'Mama', 1, N'ND001')
INSERT [dbo].[pet] ([pet_id], [adopt_status], [age], [create_at], [descriptions], [foster_at], [is_spay], [pet_color], [pet_name], [sex], [breed_id]) VALUES (N'P0014', N'Haven''t adopted yet', N'Baby', CAST(N'2023-10-04T00:00:00.0000000' AS DateTime2), NULL, CAST(N'2023-10-03T00:00:00.0000000' AS DateTime2), 1, N'Orange', N'Momo', 0, N'ND001')
INSERT [dbo].[pet] ([pet_id], [adopt_status], [age], [create_at], [descriptions], [foster_at], [is_spay], [pet_color], [pet_name], [sex], [breed_id]) VALUES (N'P0015', N'Haven''t adopted yet', N'Baby', CAST(N'2023-10-05T00:00:00.0000000' AS DateTime2), NULL, CAST(N'2023-10-04T00:00:00.0000000' AS DateTime2), 1, N'Yellow', N'Meme', 1, N'ND001')
INSERT [dbo].[pet] ([pet_id], [adopt_status], [age], [create_at], [descriptions], [foster_at], [is_spay], [pet_color], [pet_name], [sex], [breed_id]) VALUES (N'P0016', N'Haven''t adopted yet', N'Baby', CAST(N'2023-10-03T00:00:00.0000000' AS DateTime2), NULL, CAST(N'2023-10-02T00:00:00.0000000' AS DateTime2), 1, N'Orange', N'Bin Bin', 0, N'ND001')
INSERT [dbo].[pet] ([pet_id], [adopt_status], [age], [create_at], [descriptions], [foster_at], [is_spay], [pet_color], [pet_name], [sex], [breed_id]) VALUES (N'P0017', N'Haven''t adopted yet', N'Baby', CAST(N'2023-10-02T00:00:00.0000000' AS DateTime2), NULL, CAST(N'2023-10-01T00:00:00.0000000' AS DateTime2), 0, N'Yellow', N'Lu', 0, N'ND001')
INSERT [dbo].[pet] ([pet_id], [adopt_status], [age], [create_at], [descriptions], [foster_at], [is_spay], [pet_color], [pet_name], [sex], [breed_id]) VALUES (N'P0018', N'Haven''t adopted yet', N'Baby', CAST(N'2023-10-01T00:00:00.0000000' AS DateTime2), NULL, CAST(N'2023-09-30T00:00:00.0000000' AS DateTime2), 1, N'Yellow', N'Lin', 1, N'ND001')
INSERT [dbo].[pet] ([pet_id], [adopt_status], [age], [create_at], [descriptions], [foster_at], [is_spay], [pet_color], [pet_name], [sex], [breed_id]) VALUES (N'P0019', N'Haven''t adopted yet', N'Baby', CAST(N'2023-06-30T00:00:00.0000000' AS DateTime2), NULL, CAST(N'2023-06-29T00:00:00.0000000' AS DateTime2), 0, N'Orange', N'Lun', 0, N'ND001')
INSERT [dbo].[pet] ([pet_id], [adopt_status], [age], [create_at], [descriptions], [foster_at], [is_spay], [pet_color], [pet_name], [sex], [breed_id]) VALUES (N'P0020', N'Haven''t adopted yet', N'Baby', CAST(N'2023-06-29T00:00:00.0000000' AS DateTime2), NULL, CAST(N'2023-06-28T00:00:00.0000000' AS DateTime2), 1, N'Yellow', N'Map', 1, N'ND001')
INSERT [dbo].[pet] ([pet_id], [adopt_status], [age], [create_at], [descriptions], [foster_at], [is_spay], [pet_color], [pet_name], [sex], [breed_id]) VALUES (N'P0021', N'Haven''t adopted yet', N'Baby', CAST(N'2023-06-28T00:00:00.0000000' AS DateTime2), NULL, CAST(N'2023-06-27T00:00:00.0000000' AS DateTime2), 0, N'Yellow', N'My Dieu', 0, N'AC001')
INSERT [dbo].[pet] ([pet_id], [adopt_status], [age], [create_at], [descriptions], [foster_at], [is_spay], [pet_color], [pet_name], [sex], [breed_id]) VALUES (N'P0022', N'Haven''t adopted yet', N'Adult', CAST(N'2023-10-07T00:00:00.0000000' AS DateTime2), NULL, CAST(N'2023-10-06T00:00:00.0000000' AS DateTime2), 1, N'Yellow', N'Xam', 1, N'AC001')
INSERT [dbo].[pet] ([pet_id], [adopt_status], [age], [create_at], [descriptions], [foster_at], [is_spay], [pet_color], [pet_name], [sex], [breed_id]) VALUES (N'P0023', N'Haven''t adopted yet', N'Adult', CAST(N'2023-10-07T00:00:00.0000000' AS DateTime2), NULL, CAST(N'2023-10-06T00:00:00.0000000' AS DateTime2), 1, N'Brown', N'Mau', 0, N'AC001')
INSERT [dbo].[pet] ([pet_id], [adopt_status], [age], [create_at], [descriptions], [foster_at], [is_spay], [pet_color], [pet_name], [sex], [breed_id]) VALUES (N'P0024', N'Haven''t adopted yet', N'Adult', CAST(N'2023-10-07T00:00:00.0000000' AS DateTime2), NULL, CAST(N'2023-10-06T00:00:00.0000000' AS DateTime2), 1, N'Yellow', N'Den', 1, N'AC001')
INSERT [dbo].[pet] ([pet_id], [adopt_status], [age], [create_at], [descriptions], [foster_at], [is_spay], [pet_color], [pet_name], [sex], [breed_id]) VALUES (N'P0025', N'Haven''t adopted yet', N'Adult', CAST(N'2023-10-07T00:00:00.0000000' AS DateTime2), NULL, CAST(N'2023-10-06T00:00:00.0000000' AS DateTime2), 1, N'Black', N'Nau', 0, N'AC001')
INSERT [dbo].[pet] ([pet_id], [adopt_status], [age], [create_at], [descriptions], [foster_at], [is_spay], [pet_color], [pet_name], [sex], [breed_id]) VALUES (N'P0026', N'Awaiting adoption', N'Adult', CAST(N'2023-10-07T00:00:00.0000000' AS DateTime2), NULL, CAST(N'2023-10-06T00:00:00.0000000' AS DateTime2), 1, N'Yellow', N'My Linh', 1, N'AC001')
INSERT [dbo].[pet] ([pet_id], [adopt_status], [age], [create_at], [descriptions], [foster_at], [is_spay], [pet_color], [pet_name], [sex], [breed_id]) VALUES (N'P0027', N'Awaiting adoption', N'Adult', CAST(N'2023-10-07T00:00:00.0000000' AS DateTime2), NULL, CAST(N'2023-10-06T00:00:00.0000000' AS DateTime2), 0, N'Brown', N'Dau', 1, N'AC001')
INSERT [dbo].[pet] ([pet_id], [adopt_status], [age], [create_at], [descriptions], [foster_at], [is_spay], [pet_color], [pet_name], [sex], [breed_id]) VALUES (N'P0028', N'Awaiting adoption', N'Adult', CAST(N'2023-10-07T00:00:00.0000000' AS DateTime2), NULL, CAST(N'2023-10-06T00:00:00.0000000' AS DateTime2), 1, N'Yellow', N'Xe xe', 0, N'AC001')
INSERT [dbo].[pet] ([pet_id], [adopt_status], [age], [create_at], [descriptions], [foster_at], [is_spay], [pet_color], [pet_name], [sex], [breed_id]) VALUES (N'P0029', N'Awaiting adoption', N'Adult', CAST(N'2023-10-07T00:00:00.0000000' AS DateTime2), NULL, CAST(N'2023-10-06T00:00:00.0000000' AS DateTime2), 1, N'Orange', N'Son', 1, N'AC001')
INSERT [dbo].[pet] ([pet_id], [adopt_status], [age], [create_at], [descriptions], [foster_at], [is_spay], [pet_color], [pet_name], [sex], [breed_id]) VALUES (N'P0030', N'Awaiting adoption', N'Adult', CAST(N'2023-10-07T00:00:00.0000000' AS DateTime2), NULL, CAST(N'2023-10-06T00:00:00.0000000' AS DateTime2), 0, N'Yellow', N'Co', 1, N'ND001')
INSERT [dbo].[pet] ([pet_id], [adopt_status], [age], [create_at], [descriptions], [foster_at], [is_spay], [pet_color], [pet_name], [sex], [breed_id]) VALUES (N'P0031', N'Adopted', N'Adult', CAST(N'2023-10-07T00:00:00.0000000' AS DateTime2), NULL, CAST(N'2023-10-06T00:00:00.0000000' AS DateTime2), 1, N'White', N'Beo', 0, N'TV001')
INSERT [dbo].[pet] ([pet_id], [adopt_status], [age], [create_at], [descriptions], [foster_at], [is_spay], [pet_color], [pet_name], [sex], [breed_id]) VALUES (N'P0032', N'Adopted', N'Adult', CAST(N'2023-10-07T00:00:00.0000000' AS DateTime2), NULL, CAST(N'2023-10-06T00:00:00.0000000' AS DateTime2), 1, N'Yellow', N'Ga', 1, N'BS001')
INSERT [dbo].[pet] ([pet_id], [adopt_status], [age], [create_at], [descriptions], [foster_at], [is_spay], [pet_color], [pet_name], [sex], [breed_id]) VALUES (N'P0033', N'Adopted', N'Adult', CAST(N'2023-10-07T00:00:00.0000000' AS DateTime2), NULL, CAST(N'2023-10-06T00:00:00.0000000' AS DateTime2), 1, N'Yellow', N'Vit', 0, N'BL001')
INSERT [dbo].[pet] ([pet_id], [adopt_status], [age], [create_at], [descriptions], [foster_at], [is_spay], [pet_color], [pet_name], [sex], [breed_id]) VALUES (N'P0034', N'Adopted', N'Adult', CAST(N'2023-10-07T00:00:00.0000000' AS DateTime2), NULL, CAST(N'2023-10-06T00:00:00.0000000' AS DateTime2), 1, N'Black', N'Hong', 0, N'AC001')
INSERT [dbo].[pet] ([pet_id], [adopt_status], [age], [create_at], [descriptions], [foster_at], [is_spay], [pet_color], [pet_name], [sex], [breed_id]) VALUES (N'P0035', N'Adopted', N'Adult', CAST(N'2023-10-07T00:00:00.0000000' AS DateTime2), NULL, CAST(N'2023-10-06T00:00:00.0000000' AS DateTime2), 1, N'Yellow', N'Vang', 1, N'AC001')
GO
INSERT [dbo].[pet_imgs] ( [name_img], [pet_id]) VALUES (N'imgpet0001.jpg', N'P0001')
INSERT [dbo].[pet_imgs] ( [name_img], [pet_id]) VALUES (N'imgpet0002.jpg', N'P0002')
INSERT [dbo].[pet_imgs] ( [name_img], [pet_id]) VALUES (N'imgpet0003.jpg', N'P0003')
INSERT [dbo].[pet_imgs] ( [name_img], [pet_id]) VALUES (N'imgpet0004.jpg', N'P0004')
INSERT [dbo].[pet_imgs] ( [name_img], [pet_id]) VALUES (N'imgpet0005.jpg', N'P0005')
INSERT [dbo].[pet_imgs] ( [name_img], [pet_id]) VALUES (N'imgpet0006.jpg', N'P0006')
INSERT [dbo].[pet_imgs] ( [name_img], [pet_id]) VALUES (N'imgpet0007.jpg', N'P0007')
INSERT [dbo].[pet_imgs] ( [name_img], [pet_id]) VALUES (N'imgpet0008.png', N'P0008')
INSERT [dbo].[pet_imgs] ( [name_img], [pet_id]) VALUES (N'imgpet0009.jpg', N'P0009')
INSERT [dbo].[pet_imgs] ( [name_img], [pet_id]) VALUES (N'imgpet0010.jpg', N'P0010')
INSERT [dbo].[pet_imgs] ( [name_img], [pet_id]) VALUES (N'imgpet0011.jpg', N'P0011')
INSERT [dbo].[pet_imgs] ( [name_img], [pet_id]) VALUES (N'imgpet0012.jpg', N'P0012')
INSERT [dbo].[pet_imgs] ( [name_img], [pet_id]) VALUES (N'imgpet0013.jpg', N'P0013')
INSERT [dbo].[pet_imgs] ( [name_img], [pet_id]) VALUES (N'imgpet0014.jpg', N'P0014')
INSERT [dbo].[pet_imgs] ( [name_img], [pet_id]) VALUES (N'imgpet0015.jpg', N'P0015')
INSERT [dbo].[pet_imgs] ( [name_img], [pet_id]) VALUES (N'imgpet0016.jpg', N'P0016')
INSERT [dbo].[pet_imgs] ( [name_img], [pet_id]) VALUES (N'imgpet0017.jpg', N'P0017')
INSERT [dbo].[pet_imgs] ( [name_img], [pet_id]) VALUES (N'imgpet0018.jpg', N'P0018')
INSERT [dbo].[pet_imgs] ( [name_img], [pet_id]) VALUES (N'imgpet0019.jpg', N'P0019')
INSERT [dbo].[pet_imgs] ( [name_img], [pet_id]) VALUES (N'imgpet0020.jpg', N'P0020')
INSERT [dbo].[pet_imgs] ( [name_img], [pet_id]) VALUES (N'imgpet0021.jpg', N'P0021')
INSERT [dbo].[pet_imgs] ( [name_img], [pet_id]) VALUES (N'imgpet0022.jpg', N'P0022')
INSERT [dbo].[pet_imgs] ( [name_img], [pet_id]) VALUES (N'imgpet0023.jpg', N'P0023')
INSERT [dbo].[pet_imgs] ( [name_img], [pet_id]) VALUES (N'imgpet0024.jpg', N'P0024')
INSERT [dbo].[pet_imgs] ( [name_img], [pet_id]) VALUES (N'imgpet0025.jpg', N'P0025')
INSERT [dbo].[pet_imgs] ( [name_img], [pet_id]) VALUES (N'imgpet0026.jpg', N'P0026')
INSERT [dbo].[pet_imgs] ( [name_img], [pet_id]) VALUES (N'imgpet0027.jpg', N'P0027')
INSERT [dbo].[pet_imgs] ( [name_img], [pet_id]) VALUES (N'imgpet0028.jpg', N'P0028')
INSERT [dbo].[pet_imgs] ( [name_img], [pet_id]) VALUES (N'imgpet0029.jpg', N'P0029')
INSERT [dbo].[pet_imgs] ( [name_img], [pet_id]) VALUES (N'imgpet0030.jpg', N'P0030')
INSERT [dbo].[pet_imgs] ( [name_img], [pet_id]) VALUES (N'imgpet0031.jpg', N'P0031')
INSERT [dbo].[pet_imgs] ( [name_img], [pet_id]) VALUES (N'imgpet0032.jpg', N'P0032')
INSERT [dbo].[pet_imgs] ( [name_img], [pet_id]) VALUES (N'imgpet0033.jpg', N'P0033')
INSERT [dbo].[pet_imgs] ( [name_img], [pet_id]) VALUES (N'imgpet0034.jpg', N'P0034')
INSERT [dbo].[pet_imgs] ( [name_img], [pet_id]) VALUES (N'imgpet0035.jpg', N'P0035')
INSERT [dbo].[pet_imgs] ( [name_img], [pet_id]) VALUES (N'imgpet0036.jpg', N'P0035')
GO
INSERT [dbo].[product_type] ([product_type_id], [product_type_name]) VALUES (N'BF001', N'Bird food')
INSERT [dbo].[product_type] ([product_type_id], [product_type_name]) VALUES (N'CF001', N'Cat food')
INSERT [dbo].[product_type] ([product_type_id], [product_type_name]) VALUES (N'DF001', N'Dog food')
INSERT [dbo].[product_type] ([product_type_id], [product_type_name]) VALUES (N'MF001', N'Mouse food')
INSERT [dbo].[product_type] ([product_type_id], [product_type_name]) VALUES (N'PA001', N'Pet accessories')
GO
INSERT [dbo].[product] ([product_id], [product_desc], [is_active], [product_name], [type_id]) VALUES (N'PD0001', N' Made from real fish.', 1, N'ME-O Tuna In Jelly', N'CF001')
INSERT [dbo].[product] ([product_id], [product_desc], [is_active], [product_name], [type_id]) VALUES (N'PD0002', N' Made from real fish.', 1, N'ME-O DELITE TUNA IN JELLY', N'CF001')
INSERT [dbo].[product] ([product_id], [product_desc], [is_active], [product_name], [type_id]) VALUES (N'PD0003', N' Made from real fish.', 1, N'ME-O GOLD PERSIAN', N'CF001')
INSERT [dbo].[product] ([product_id], [product_desc], [is_active], [product_name], [type_id]) VALUES (N'PD0004', N' Made from real fish.', 1, N'ME-O GOLD INDOOR', N'CF001')
INSERT [dbo].[product] ([product_id], [product_desc], [is_active], [product_name], [type_id]) VALUES (N'PD0005', N' Made from real fish.', 1, N'ME-O GOLD FIT & FIRM', N'CF001')
INSERT [dbo].[product] ([product_id], [product_desc], [is_active], [product_name], [type_id]) VALUES (N'PD0006', N' Made from real fish.', 1, N'ME-O DELITE TUNA WITH CRAB STICK IN JELLY', N'CF001')
INSERT [dbo].[product] ([product_id], [product_desc], [is_active], [product_name], [type_id]) VALUES (N'PD0007', N' Made from real fish.', 1, N'ME-O Tuna In Jelly', N'CF001')
INSERT [dbo].[product] ([product_id], [product_desc], [is_active], [product_name], [type_id]) VALUES (N'PD0008', N' Made from real fish.', 1, N'ME-O DELITE TUNA WITH CHICKEN FLAKE IN JELLY', N'CF001')
INSERT [dbo].[product] ([product_id], [product_desc], [is_active], [product_name], [type_id]) VALUES (N'PD0009', N' Made from real fish.', 1, N'SALMON FLAVOUR', N'CF001')
INSERT [dbo].[product] ([product_id], [product_desc], [is_active], [product_name], [type_id]) VALUES (N'PD0010', N' Made from real fish.', 1, N'ME-O Cat Tuna', N'CF001')
INSERT [dbo].[product] ([product_id], [product_desc], [is_active], [product_name], [type_id]) VALUES (N'PD0011', N' Made from real fish.', 1, N'ME-O Kitten Ocean Fish', N'CF001')
INSERT [dbo].[product] ([product_id], [product_desc], [is_active], [product_name], [type_id]) VALUES (N'PD0012', N' Made from real fish.', 1, N'ME-O Cat Mackerel Flavor', N'CF001')
INSERT [dbo].[product] ([product_id], [product_desc], [is_active], [product_name], [type_id]) VALUES (N'PD0013', N' Made from real fish.', 1, N'APRO I.Q. FORMULA', N'CF001')
INSERT [dbo].[product] ([product_id], [product_desc], [is_active], [product_name], [type_id]) VALUES (N'PD0014', N' Made from real fish.', 1, N'ME-O Creamy Treat Crab Flavor', N'CF001')
INSERT [dbo].[product] ([product_id], [product_desc], [is_active], [product_name], [type_id]) VALUES (N'PD0015', N' Made from real fish.', 1, N'ME-O Creamy Treat Bonito Flavor', N'CF001')
INSERT [dbo].[product] ([product_id], [product_desc], [is_active], [product_name], [type_id]) VALUES (N'PD0016', N' Made from real fish.', 1, N'ME-O Creamy Treat Bonito Flavor', N'CF001')
INSERT [dbo].[product] ([product_id], [product_desc], [is_active], [product_name], [type_id]) VALUES (N'PD0017', N' Made from real fish.', 1, N'ME-O GOLD FIT & FIRM', N'CF001')
INSERT [dbo].[product] ([product_id], [product_desc], [is_active], [product_name], [type_id]) VALUES (N'PD0018', N' Made from real fish.', 1, N'ME-O Cat Litter Lemon Scent', N'CF001')
INSERT [dbo].[product] ([product_id], [product_desc], [is_active], [product_name], [type_id]) VALUES (N'PD0019', N' Made from real fish.', 1, N'ME-O DELITE TUNA IN JELLY', N'CF001')
INSERT [dbo].[product] ([product_id], [product_desc], [is_active], [product_name], [type_id]) VALUES (N'PD0020', N' Made from real fish.', 1, N'Royal Canin Indoor Adult Dry Cat Food', N'CF001')
INSERT [dbo].[product] ([product_id], [product_desc], [is_active], [product_name], [type_id]) VALUES (N'PD0021', N'Nutrition for dogs.', 1, N'APRO I.Q. FORMULA', N'DF001')
INSERT [dbo].[product] ([product_id], [product_desc], [is_active], [product_name], [type_id]) VALUES (N'PD0022', N'Nutrition for dogs.', 1, N'ZOI DOG', N'DF001')
INSERT [dbo].[product] ([product_id], [product_desc], [is_active], [product_name], [type_id]) VALUES (N'PD0023', N'Nutrition for dogs.', 1, N'SMARTHEART CREAMY DOG TREATS CHICKEN & SPINACH', N'DF001')
INSERT [dbo].[product] ([product_id], [product_desc], [is_active], [product_name], [type_id]) VALUES (N'PD0024', N'Nutrition for dogs.', 1, N'SMARTHEART CREAMY DOG TREATS STRAWBERRY FLAVOR', N'DF001')
INSERT [dbo].[product] ([product_id], [product_desc], [is_active], [product_name], [type_id]) VALUES (N'PD0025', N'Nutrition for dogs.', 1, N'SMARTHEART CREAMY DOG TREATS CHICKEN & CARROT', N'DF001')
INSERT [dbo].[product] ([product_id], [product_desc], [is_active], [product_name], [type_id]) VALUES (N'PD0026', N'Nutrition for dogs.', 1, N'SMARTHEART CREAMY DOG TREATS CHICKEN & PUMPKIN', N'DF001')
INSERT [dbo].[product] ([product_id], [product_desc], [is_active], [product_name], [type_id]) VALUES (N'PD0027', N'Nutrition for dogs.', 1, N'Smartheart Puppy Power Pack', N'DF001')
INSERT [dbo].[product] ([product_id], [product_desc], [is_active], [product_name], [type_id]) VALUES (N'PD0028', N'Nutrition for dogs.', 1, N'Smartheart Adult Roast Beef Flavour', N'DF001')
INSERT [dbo].[product] ([product_id], [product_desc], [is_active], [product_name], [type_id]) VALUES (N'PD0029', N'Nutrition for dogs.', 1, N'Smartheart Small Breeds Roast Beef Flavor', N'DF001')
INSERT [dbo].[product] ([product_id], [product_desc], [is_active], [product_name], [type_id]) VALUES (N'PD0030', N'Nutrition for dogs.', 1, N'Smartheart Puppy Chicken Flavor Chunk In Gravy', N'DF001')
INSERT [dbo].[product] ([product_id], [product_desc], [is_active], [product_name], [type_id]) VALUES (N'PD0031', N'Enjoy for pet', 1, N'SWING MICROCHIP LARGE', N'PA001')
INSERT [dbo].[product] ([product_id], [product_desc], [is_active], [product_name], [type_id]) VALUES (N'PD0032', N'Enjoy for pet', 1, N'FEEDY', N'PA001')
INSERT [dbo].[product] ([product_id], [product_desc], [is_active], [product_name], [type_id]) VALUES (N'PD0033', N'Enjoy for pet', 1, N'ALTAIR', N'PA001')
INSERT [dbo].[product] ([product_id], [product_desc], [is_active], [product_name], [type_id]) VALUES (N'PD0034', N'Enjoy for pet', 1, N'CLIP 5708 SMALL', N'PA001')
INSERT [dbo].[product] ([product_id], [product_desc], [is_active], [product_name], [type_id]) VALUES (N'PD0035', N'Enjoy for pet', 1, N'SOFA'' TWEED', N'PA001')
INSERT [dbo].[product] ([product_id], [product_desc], [is_active], [product_name], [type_id]) VALUES (N'PD0036', N'Enjoy for pet', 1, N'GRO 5955', N'PA001')
INSERT [dbo].[product] ([product_id], [product_desc], [is_active], [product_name], [type_id]) VALUES (N'PD0037', N'Enjoy for pet', 1, N'CHAMPION P', N'PA001')
INSERT [dbo].[product] ([product_id], [product_desc], [is_active], [product_name], [type_id]) VALUES (N'PD0038', N'Enjoy for pet', 1, N'KONYA', N'PA001')
INSERT [dbo].[product] ([product_id], [product_desc], [is_active], [product_name], [type_id]) VALUES (N'PD0039', N'Enjoy for pet', 1, N'ATLAS PADDED CUSHION', N'PA001')
INSERT [dbo].[product] ([product_id], [product_desc], [is_active], [product_name], [type_id]) VALUES (N'PD0040', N'Enjoy for pet', 1, N'PETVILLA 60', N'PA001')
GO
INSERT [dbo].[imgs] ( [name_img], [product_id]) VALUES (N'imgproduct0001.png', N'PD0001')
INSERT [dbo].[imgs] ( [name_img], [product_id]) VALUES (N'imgproduct0002.png', N'PD0002')
INSERT [dbo].[imgs] ( [name_img], [product_id]) VALUES (N'imgproduct0003.png', N'PD0003')
INSERT [dbo].[imgs] ( [name_img], [product_id]) VALUES (N'imgproduct0004.png', N'PD0004')
INSERT [dbo].[imgs] ( [name_img], [product_id]) VALUES (N'imgproduct0005.png', N'PD0005')
INSERT [dbo].[imgs] ( [name_img], [product_id]) VALUES (N'imgproduct0006.png', N'PD0006')
INSERT [dbo].[imgs] ( [name_img], [product_id]) VALUES (N'imgproduct0007.png', N'PD0007')
INSERT [dbo].[imgs] ( [name_img], [product_id]) VALUES (N'imgproduct0008.png', N'PD0008')
INSERT [dbo].[imgs] ( [name_img], [product_id]) VALUES (N'imgproduct0009.png', N'PD0009')
INSERT [dbo].[imgs] ( [name_img], [product_id]) VALUES (N'imgproduct0010.png', N'PD0010')
INSERT [dbo].[imgs] ( [name_img], [product_id]) VALUES (N'imgproduct0011.png', N'PD0011')
INSERT [dbo].[imgs] ( [name_img], [product_id]) VALUES (N'imgproduct0012.png', N'PD0012')
INSERT [dbo].[imgs] ( [name_img], [product_id]) VALUES (N'imgproduct0013.png', N'PD0013')
INSERT [dbo].[imgs] ( [name_img], [product_id]) VALUES (N'imgproduct0014.jpg', N'PD0014')
INSERT [dbo].[imgs] ( [name_img], [product_id]) VALUES (N'imgproduct0015.jpg', N'PD0015')
INSERT [dbo].[imgs] ( [name_img], [product_id]) VALUES (N'imgproduct0016.jpg', N'PD0016')
INSERT [dbo].[imgs] ( [name_img], [product_id]) VALUES (N'imgproduct0017.jpg', N'PD0017')
INSERT [dbo].[imgs] ( [name_img], [product_id]) VALUES (N'imgproduct0018.png', N'PD0018')
INSERT [dbo].[imgs] ( [name_img], [product_id]) VALUES (N'imgproduct0019.png', N'PD0019')
INSERT [dbo].[imgs] ( [name_img], [product_id]) VALUES (N'imgproduct0020.jpg', N'PD0020')
INSERT [dbo].[imgs] ( [name_img], [product_id]) VALUES (N'imgproduct0021.png', N'PD0021')
INSERT [dbo].[imgs] ( [name_img], [product_id]) VALUES (N'imgproduct00022.png', N'PD0022')
INSERT [dbo].[imgs] ( [name_img], [product_id]) VALUES (N'imgproduct0023.png', N'PD0023')
INSERT [dbo].[imgs] ( [name_img], [product_id]) VALUES (N'imgproduct0024.png', N'PD0024')
INSERT [dbo].[imgs] ( [name_img], [product_id]) VALUES (N'imgproduct0025.png', N'PD0025')
INSERT [dbo].[imgs] ( [name_img], [product_id]) VALUES (N'imgproduct0026.png', N'PD0026')
INSERT [dbo].[imgs] ( [name_img], [product_id]) VALUES (N'imgproduct0027.png', N'PD0027')
INSERT [dbo].[imgs] ( [name_img], [product_id]) VALUES (N'imgproduct0028.png', N'PD0028')
INSERT [dbo].[imgs] ( [name_img], [product_id]) VALUES (N'imgproduct0029.png', N'PD0029')
INSERT [dbo].[imgs] ( [name_img], [product_id]) VALUES (N'imgproduct0030.png', N'PD0030')
INSERT [dbo].[imgs] ( [name_img], [product_id]) VALUES (N'imgproduct0031.png', N'PD0031')
INSERT [dbo].[imgs] ( [name_img], [product_id]) VALUES (N'imgproduct0032.jpg', N'PD0032')
INSERT [dbo].[imgs] ( [name_img], [product_id]) VALUES (N'imgproduct0033.jpg', N'PD0033')
INSERT [dbo].[imgs] ( [name_img], [product_id]) VALUES (N'imgproduct0034.jpg', N'PD0034')
INSERT [dbo].[imgs] ( [name_img], [product_id]) VALUES (N'imgproduct0035.jpg', N'PD0035')
INSERT [dbo].[imgs] ( [name_img], [product_id]) VALUES (N'imgproduct0036.jpg', N'PD0036')
INSERT [dbo].[imgs] ( [name_img], [product_id]) VALUES (N'imgproduct0037.jpg', N'PD0037')
INSERT [dbo].[imgs] ( [name_img], [product_id]) VALUES (N'imgproduct0038.jpg', N'PD0038')
INSERT [dbo].[imgs] ( [name_img], [product_id]) VALUES (N'imgproduct0039.jpg', N'PD0039')
INSERT [dbo].[imgs] ( [name_img], [product_id]) VALUES (N'imgproduct0040.jpg', N'PD0040')
GO
INSERT [dbo].[users] ([user_id], [avatar], [birthday], [create_at], [display_name], [email], [fullname], [gender], [is_active], [is_email_verified], [password], [phone], [provider], [token], [token_create_at], [username], [uuid]) VALUES (N'duynq', N'noavatar', CAST(N'2001-01-01T00:00:00.0000000' AS DateTime2), NULL, N'duynq', N'duynqpc04918@fpt.edu.vn', N'Nguyen Quoc Duy', 1, 1, 1, N'123', N'0908976654', N'Tra Vinh', NULL, NULL, N'duynq', NULL)
INSERT [dbo].[users] ([user_id], [avatar], [birthday], [create_at], [display_name], [email], [fullname], [gender], [is_active], [is_email_verified], [password], [phone], [provider], [token], [token_create_at], [username], [uuid]) VALUES (N'hantl', N'noavatar', CAST(N'2001-01-01T00:00:00.0000000' AS DateTime2), NULL, N'hantl', N'hantlpc04927@fpt.edu.vn', N'Nguyen Thi Lam Ha', 0, 1, 1, N'123', N'0908976654', N'Can Tho', NULL, NULL, N'hantl', NULL)
INSERT [dbo].[users] ([user_id], [avatar], [birthday], [create_at], [display_name], [email], [fullname], [gender], [is_active], [is_email_verified], [password], [phone], [provider], [token], [token_create_at], [username], [uuid]) VALUES (N'khangpn', N'noavatar', CAST(N'2001-01-01T00:00:00.0000000' AS DateTime2), NULL, N'khangpn', N'khangpnpc04910@fpt.edu.vn', N'Pham Nhut Khang', 1, 1, 1, N'123', N'0908976654', N'Can Tho', NULL, NULL, N'khangpn', NULL)
GO
INSERT [dbo].[favorite] ([pet_id], [user_id]) VALUES (N'P0001', N'duynq')
INSERT [dbo].[favorite] ([pet_id], [user_id]) VALUES (N'P0001', N'hantl')
INSERT [dbo].[favorite] ([pet_id], [user_id]) VALUES (N'P0001', N'khangpn')
INSERT [dbo].[favorite] ([pet_id], [user_id]) VALUES (N'P0002', N'duynq')
INSERT [dbo].[favorite] ([pet_id], [user_id]) VALUES (N'P0003', N'duynq')
INSERT [dbo].[favorite] ([pet_id], [user_id]) VALUES (N'P0004', N'duynq')
INSERT [dbo].[favorite] ([pet_id], [user_id]) VALUES (N'P0005', N'duynq')
INSERT [dbo].[favorite] ([pet_id], [user_id]) VALUES (N'P0006', N'duynq')
INSERT [dbo].[favorite] ([pet_id], [user_id]) VALUES (N'P0007', N'duynq')
INSERT [dbo].[favorite] ([pet_id], [user_id]) VALUES (N'P0008', N'duynq')
INSERT [dbo].[favorite] ([pet_id], [user_id]) VALUES (N'P0009', N'duynq')
GO
INSERT [dbo].[adopt] ( [adopt_at], [register_at], [status], [pet_id], [user_id]) VALUES (CAST(N'2023-10-07T00:00:00.0000000' AS DateTime2), CAST(N'2023-09-07T00:00:00.0000000' AS DateTime2), N'Adopted', N'P0031', N'duynq')
INSERT [dbo].[adopt] ( [adopt_at], [register_at], [status], [pet_id], [user_id]) VALUES (CAST(N'2023-10-07T00:00:00.0000000' AS DateTime2), CAST(N'2023-09-07T00:00:00.0000000' AS DateTime2), N'Adopted', N'P0032', N'hantl')
INSERT [dbo].[adopt] ( [adopt_at], [register_at], [status], [pet_id], [user_id]) VALUES (CAST(N'2023-10-07T00:00:00.0000000' AS DateTime2), CAST(N'2023-09-07T00:00:00.0000000' AS DateTime2), N'Adopted', N'P0033', N'khangpn')
INSERT [dbo].[adopt] ( [adopt_at], [register_at], [status], [pet_id], [user_id]) VALUES (CAST(N'2023-10-07T00:00:00.0000000' AS DateTime2), CAST(N'2023-09-07T00:00:00.0000000' AS DateTime2), N'Adopted', N'P0034', N'duynq')
INSERT [dbo].[adopt] ( [adopt_at], [register_at], [status], [pet_id], [user_id]) VALUES (CAST(N'2023-10-07T00:00:00.0000000' AS DateTime2), CAST(N'2023-09-07T00:00:00.0000000' AS DateTime2), N'Adopted', N'P0035', N'duynq')
INSERT [dbo].[adopt] ( [adopt_at], [register_at], [status], [pet_id], [user_id]) VALUES (CAST(N'2023-10-07T00:00:00.0000000' AS DateTime2), CAST(N'2023-09-07T00:00:00.0000000' AS DateTime2), N'Awaiting adoption', N'P0026', N'duynq')
INSERT [dbo].[adopt] ( [adopt_at], [register_at], [status], [pet_id], [user_id]) VALUES (CAST(N'2023-10-07T00:00:00.0000000' AS DateTime2), CAST(N'2023-09-07T00:00:00.0000000' AS DateTime2), N'Awaiting adoption', N'P0027', N'duynq')
INSERT [dbo].[adopt] ( [adopt_at], [register_at], [status], [pet_id], [user_id]) VALUES (CAST(N'2023-10-07T00:00:00.0000000' AS DateTime2), CAST(N'2023-09-07T00:00:00.0000000' AS DateTime2), N'Awaiting adoption', N'P0028', N'duynq')
INSERT [dbo].[adopt] ( [adopt_at], [register_at], [status], [pet_id], [user_id]) VALUES (CAST(N'2023-10-07T00:00:00.0000000' AS DateTime2), CAST(N'2023-09-07T00:00:00.0000000' AS DateTime2), N'Awaiting adoption', N'P0029', N'duynq')
INSERT [dbo].[adopt] ( [adopt_at], [register_at], [status], [pet_id], [user_id]) VALUES (CAST(N'2023-10-07T00:00:00.0000000' AS DateTime2), CAST(N'2023-09-07T00:00:00.0000000' AS DateTime2), N'Awaiting adoption', N'P0030', N'duynq')
